gs://souvik_automl_demo/cats/cat.1.jpg,cat
gs://souvik_automl_demo/cats/cat.2.jpg,cat
gs://souvik_automl_demo/cats/cat.3.jpg,cat
gs://souvik_automl_demo/cats/cat.4.jpg,cat
gs://souvik_automl_demo/cats/cat.5.jpg,cat
gs://souvik_automl_demo/cats/cat.6.jpg,cat
gs://souvik_automl_demo/cats/cat.7.jpg,cat
gs://souvik_automl_demo/cats/cat.8.jpg,cat
gs://souvik_automl_demo/cats/cat.9.jpg,cat
gs://souvik_automl_demo/cats/cat.10.jpg,cat
gs://souvik_automl_demo/cats/cat.11.jpg,cat
gs://souvik_automl_demo/cats/cat.12.jpg,cat
gs://souvik_automl_demo/cats/cat.13.jpg,cat
gs://souvik_automl_demo/cats/cat.14.jpg,cat
gs://souvik_automl_demo/cats/cat.15.jpg,cat
gs://souvik_automl_demo/cats/cat.16.jpg,cat
gs://souvik_automl_demo/cats/cat.17.jpg,cat
gs://souvik_automl_demo/cats/cat.18.jpg,cat
gs://souvik_automl_demo/cats/cat.19.jpg,cat
gs://souvik_automl_demo/cats/cat.20.jpg,cat
gs://souvik_automl_demo/cats/cat.21.jpg,cat
gs://souvik_automl_demo/cats/cat.22.jpg,cat
gs://souvik_automl_demo/cats/cat.23.jpg,cat
gs://souvik_automl_demo/cats/cat.24.jpg,cat
gs://souvik_automl_demo/cats/cat.25.jpg,cat
gs://souvik_automl_demo/cats/cat.26.jpg,cat
gs://souvik_automl_demo/cats/cat.27.jpg,cat
gs://souvik_automl_demo/cats/cat.28.jpg,cat
gs://souvik_automl_demo/cats/cat.29.jpg,cat
gs://souvik_automl_demo/cats/cat.30.jpg,cat
gs://souvik_automl_demo/cats/cat.31.jpg,cat
gs://souvik_automl_demo/cats/cat.32.jpg,cat
gs://souvik_automl_demo/cats/cat.33.jpg,cat
gs://souvik_automl_demo/cats/cat.34.jpg,cat
gs://souvik_automl_demo/cats/cat.35.jpg,cat
gs://souvik_automl_demo/cats/cat.36.jpg,cat
gs://souvik_automl_demo/cats/cat.37.jpg,cat
gs://souvik_automl_demo/cats/cat.38.jpg,cat
gs://souvik_automl_demo/cats/cat.39.jpg,cat
gs://souvik_automl_demo/cats/cat.40.jpg,cat
gs://souvik_automl_demo/cats/cat.41.jpg,cat
gs://souvik_automl_demo/cats/cat.42.jpg,cat
gs://souvik_automl_demo/cats/cat.43.jpg,cat
gs://souvik_automl_demo/cats/cat.44.jpg,cat
gs://souvik_automl_demo/cats/cat.45.jpg,cat
gs://souvik_automl_demo/cats/cat.46.jpg,cat
gs://souvik_automl_demo/cats/cat.47.jpg,cat
gs://souvik_automl_demo/cats/cat.48.jpg,cat
gs://souvik_automl_demo/cats/cat.49.jpg,cat
gs://souvik_automl_demo/cats/cat.50.jpg,cat
gs://souvik_automl_demo/cats/cat.51.jpg,cat
gs://souvik_automl_demo/cats/cat.52.jpg,cat
gs://souvik_automl_demo/cats/cat.53.jpg,cat
gs://souvik_automl_demo/cats/cat.54.jpg,cat
gs://souvik_automl_demo/cats/cat.55.jpg,cat
gs://souvik_automl_demo/cats/cat.56.jpg,cat
gs://souvik_automl_demo/cats/cat.57.jpg,cat
gs://souvik_automl_demo/cats/cat.58.jpg,cat
gs://souvik_automl_demo/cats/cat.59.jpg,cat
gs://souvik_automl_demo/cats/cat.60.jpg,cat
gs://souvik_automl_demo/cats/cat.61.jpg,cat
gs://souvik_automl_demo/cats/cat.62.jpg,cat
gs://souvik_automl_demo/cats/cat.63.jpg,cat
gs://souvik_automl_demo/cats/cat.64.jpg,cat
gs://souvik_automl_demo/cats/cat.65.jpg,cat
gs://souvik_automl_demo/cats/cat.66.jpg,cat
gs://souvik_automl_demo/cats/cat.67.jpg,cat
gs://souvik_automl_demo/cats/cat.68.jpg,cat
gs://souvik_automl_demo/cats/cat.69.jpg,cat
gs://souvik_automl_demo/cats/cat.70.jpg,cat
gs://souvik_automl_demo/cats/cat.71.jpg,cat
gs://souvik_automl_demo/cats/cat.72.jpg,cat
gs://souvik_automl_demo/cats/cat.73.jpg,cat
gs://souvik_automl_demo/cats/cat.74.jpg,cat
gs://souvik_automl_demo/cats/cat.75.jpg,cat
gs://souvik_automl_demo/cats/cat.76.jpg,cat
gs://souvik_automl_demo/cats/cat.77.jpg,cat
gs://souvik_automl_demo/cats/cat.78.jpg,cat
gs://souvik_automl_demo/cats/cat.79.jpg,cat
gs://souvik_automl_demo/cats/cat.80.jpg,cat
gs://souvik_automl_demo/cats/cat.81.jpg,cat
gs://souvik_automl_demo/cats/cat.82.jpg,cat
gs://souvik_automl_demo/cats/cat.83.jpg,cat
gs://souvik_automl_demo/cats/cat.84.jpg,cat
gs://souvik_automl_demo/cats/cat.85.jpg,cat
gs://souvik_automl_demo/cats/cat.86.jpg,cat
gs://souvik_automl_demo/cats/cat.87.jpg,cat
gs://souvik_automl_demo/cats/cat.88.jpg,cat
gs://souvik_automl_demo/cats/cat.89.jpg,cat
gs://souvik_automl_demo/cats/cat.90.jpg,cat
gs://souvik_automl_demo/cats/cat.91.jpg,cat
gs://souvik_automl_demo/cats/cat.92.jpg,cat
gs://souvik_automl_demo/cats/cat.93.jpg,cat
gs://souvik_automl_demo/cats/cat.94.jpg,cat
gs://souvik_automl_demo/cats/cat.95.jpg,cat
gs://souvik_automl_demo/cats/cat.96.jpg,cat
gs://souvik_automl_demo/cats/cat.97.jpg,cat
gs://souvik_automl_demo/cats/cat.98.jpg,cat
gs://souvik_automl_demo/cats/cat.99.jpg,cat
gs://souvik_automl_demo/cats/cat.100.jpg,cat
gs://souvik_automl_demo/dogs/dog.1.jpg,dog
gs://souvik_automl_demo/dogs/dog.2.jpg,dog
gs://souvik_automl_demo/dogs/dog.3.jpg,dog
gs://souvik_automl_demo/dogs/dog.4.jpg,dog
gs://souvik_automl_demo/dogs/dog.5.jpg,dog
gs://souvik_automl_demo/dogs/dog.6.jpg,dog
gs://souvik_automl_demo/dogs/dog.7.jpg,dog
gs://souvik_automl_demo/dogs/dog.8.jpg,dog
gs://souvik_automl_demo/dogs/dog.9.jpg,dog
gs://souvik_automl_demo/dogs/dog.10.jpg,dog
gs://souvik_automl_demo/dogs/dog.11.jpg,dog
gs://souvik_automl_demo/dogs/dog.12.jpg,dog
gs://souvik_automl_demo/dogs/dog.13.jpg,dog
gs://souvik_automl_demo/dogs/dog.14.jpg,dog
gs://souvik_automl_demo/dogs/dog.15.jpg,dog
gs://souvik_automl_demo/dogs/dog.16.jpg,dog
gs://souvik_automl_demo/dogs/dog.17.jpg,dog
gs://souvik_automl_demo/dogs/dog.18.jpg,dog
gs://souvik_automl_demo/dogs/dog.19.jpg,dog
gs://souvik_automl_demo/dogs/dog.20.jpg,dog
gs://souvik_automl_demo/dogs/dog.21.jpg,dog
gs://souvik_automl_demo/dogs/dog.22.jpg,dog
gs://souvik_automl_demo/dogs/dog.23.jpg,dog
gs://souvik_automl_demo/dogs/dog.24.jpg,dog
gs://souvik_automl_demo/dogs/dog.25.jpg,dog
gs://souvik_automl_demo/dogs/dog.26.jpg,dog
gs://souvik_automl_demo/dogs/dog.27.jpg,dog
gs://souvik_automl_demo/dogs/dog.28.jpg,dog
gs://souvik_automl_demo/dogs/dog.29.jpg,dog
gs://souvik_automl_demo/dogs/dog.30.jpg,dog
gs://souvik_automl_demo/dogs/dog.31.jpg,dog
gs://souvik_automl_demo/dogs/dog.32.jpg,dog
gs://souvik_automl_demo/dogs/dog.33.jpg,dog
gs://souvik_automl_demo/dogs/dog.34.jpg,dog
gs://souvik_automl_demo/dogs/dog.35.jpg,dog
gs://souvik_automl_demo/dogs/dog.36.jpg,dog
gs://souvik_automl_demo/dogs/dog.37.jpg,dog
gs://souvik_automl_demo/dogs/dog.38.jpg,dog
gs://souvik_automl_demo/dogs/dog.39.jpg,dog
gs://souvik_automl_demo/dogs/dog.40.jpg,dog
gs://souvik_automl_demo/dogs/dog.41.jpg,dog
gs://souvik_automl_demo/dogs/dog.42.jpg,dog
gs://souvik_automl_demo/dogs/dog.43.jpg,dog
gs://souvik_automl_demo/dogs/dog.44.jpg,dog
gs://souvik_automl_demo/dogs/dog.45.jpg,dog
gs://souvik_automl_demo/dogs/dog.46.jpg,dog
gs://souvik_automl_demo/dogs/dog.47.jpg,dog
gs://souvik_automl_demo/dogs/dog.48.jpg,dog
gs://souvik_automl_demo/dogs/dog.49.jpg,dog
gs://souvik_automl_demo/dogs/dog.50.jpg,dog
gs://souvik_automl_demo/dogs/dog.51.jpg,dog
gs://souvik_automl_demo/dogs/dog.52.jpg,dog
gs://souvik_automl_demo/dogs/dog.53.jpg,dog
gs://souvik_automl_demo/dogs/dog.54.jpg,dog
gs://souvik_automl_demo/dogs/dog.55.jpg,dog
gs://souvik_automl_demo/dogs/dog.56.jpg,dog
gs://souvik_automl_demo/dogs/dog.57.jpg,dog
gs://souvik_automl_demo/dogs/dog.58.jpg,dog
gs://souvik_automl_demo/dogs/dog.59.jpg,dog
gs://souvik_automl_demo/dogs/dog.60.jpg,dog
gs://souvik_automl_demo/dogs/dog.61.jpg,dog
gs://souvik_automl_demo/dogs/dog.62.jpg,dog
gs://souvik_automl_demo/dogs/dog.63.jpg,dog
gs://souvik_automl_demo/dogs/dog.64.jpg,dog
gs://souvik_automl_demo/dogs/dog.65.jpg,dog
gs://souvik_automl_demo/dogs/dog.66.jpg,dog
gs://souvik_automl_demo/dogs/dog.67.jpg,dog
gs://souvik_automl_demo/dogs/dog.68.jpg,dog
gs://souvik_automl_demo/dogs/dog.69.jpg,dog
gs://souvik_automl_demo/dogs/dog.70.jpg,dog
gs://souvik_automl_demo/dogs/dog.71.jpg,dog
gs://souvik_automl_demo/dogs/dog.72.jpg,dog
gs://souvik_automl_demo/dogs/dog.73.jpg,dog
gs://souvik_automl_demo/dogs/dog.74.jpg,dog
gs://souvik_automl_demo/dogs/dog.75.jpg,dog
gs://souvik_automl_demo/dogs/dog.76.jpg,dog
gs://souvik_automl_demo/dogs/dog.77.jpg,dog
gs://souvik_automl_demo/dogs/dog.78.jpg,dog
gs://souvik_automl_demo/dogs/dog.79.jpg,dog
gs://souvik_automl_demo/dogs/dog.80.jpg,dog
gs://souvik_automl_demo/dogs/dog.81.jpg,dog
gs://souvik_automl_demo/dogs/dog.82.jpg,dog
gs://souvik_automl_demo/dogs/dog.83.jpg,dog
gs://souvik_automl_demo/dogs/dog.84.jpg,dog
gs://souvik_automl_demo/dogs/dog.85.jpg,dog
gs://souvik_automl_demo/dogs/dog.86.jpg,dog
gs://souvik_automl_demo/dogs/dog.87.jpg,dog
gs://souvik_automl_demo/dogs/dog.88.jpg,dog
gs://souvik_automl_demo/dogs/dog.89.jpg,dog
gs://souvik_automl_demo/dogs/dog.90.jpg,dog
gs://souvik_automl_demo/dogs/dog.91.jpg,dog
gs://souvik_automl_demo/dogs/dog.92.jpg,dog
gs://souvik_automl_demo/dogs/dog.93.jpg,dog
gs://souvik_automl_demo/dogs/dog.94.jpg,dog
gs://souvik_automl_demo/dogs/dog.95.jpg,dog
gs://souvik_automl_demo/dogs/dog.96.jpg,dog
gs://souvik_automl_demo/dogs/dog.97.jpg,dog
gs://souvik_automl_demo/dogs/dog.98.jpg,dog
gs://souvik_automl_demo/dogs/dog.99.jpg,dog
gs://souvik_automl_demo/dogs/dog.100.jpg,dog
